Top queries,Clicks,Impressions,CTR,Position
pool construction tulsa,0,38,0%,80.16
pool builders in tulsa,0,25,0%,77.52
tulsa pool builders,0,21,0%,73.43
swimming pool builder tulsa,0,20,0%,74.05
pools tulsa in ground,0,15,0%,63.4
gunite pools tulsa,0,8,0%,47.38
pool builders tulsa ok,0,7,0%,72.71
tulsa swimming pool builders,0,7,0%,73.86
tulsa pool builder,0,6,0%,74.83
gunite pool construction tulsa ok,0,5,0%,41.4
gunite pools tulsa ok,0,4,0%,59.75
swimming pool builders tulsa,0,4,0%,70.25
swimming pool construction tulsa ok,0,4,0%,75.75
new pool construction tulsa ok,0,4,0%,97
pool builders tulsa,0,3,0%,75
gunite pools jenks ok,0,2,0%,32
gunite pool builders tulsa ok,0,2,0%,54.5
custom pool builders tulsa,0,2,0%,69.5
swimming pool construction tulsa,0,2,0%,86
pool builder bixby ok,0,1,0%,50
pool builder tulsa,0,1,0%,69
inground pool builder tulsa,0,1,0%,89